Date,Price
,INDY
2015-07-27,26.003313064575195
2015-07-28,26.1258544921875
2015-07-29,26.34465980529785
2015-07-30,26.432188034057617
2015-07-31,26.834794998168945
2015-08-03,26.66849708557129
2015-08-04,26.756023406982422
2015-08-05,26.948579788208008
2015-08-06,26.81728744506836
2015-08-07,26.87855339050293
2015-08-10,26.81728744506836
2015-08-11,26.3008975982666
2015-08-12,25.731992721557617
2015-08-13,25.92454719543457
2015-08-14,26.370912551879883
2015-08-17,26.003313064575195
2015-08-18,25.854528427124023
2015-08-19,25.985811233520508
2015-08-20,25.35564422607422
2015-08-21,24.375377655029297
2015-08-24,22.80869483947754
2015-08-25,23.298830032348633
2015-08-26,23.929000854492188
2015-08-27,24.489154815673828
2015-08-28,24.182823181152344
2015-08-31,23.999019622802734
2015-09-01,23.150039672851562
2015-09-02,23.473875045776367
2015-09-03,23.657676696777344
2015-09-04,22.782438278198242
2015-09-08,23.35134506225586
2015-09-09,23.22881507873535
2015-09-10,23.473875045776367
2015-09-11,23.7364501953125
2015-09-14,23.762706756591797
2015-09-15,23.823974609375
2015-09-16,24.29660415649414
2015-09-17,24.427888870239258
2015-09-18,24.06904411315918
2015-09-21,24.366621017456055
2015-09-22,23.692689895629883
2015-09-23,23.657676696777344
2015-09-24,23.788969039916992
2015-09-25,23.806472778320312
2015-09-28,23.325088500976562
2015-09-29,23.692689895629883
2015-09-30,24.41913414001465
2015-10-01,24.24409294128418
2015-10-02,24.6992130279541
2015-10-05,25.39940643310547
2015-10-06,25.110572814941406
2015-10-07,25.390647888183594
2015-10-08,25.443164825439453
2015-10-09,25.486928939819336
2015-10-12,25.19809913635254
2015-10-13,24.89176368713379
2015-10-14,24.918020248413086
2015-10-15,25.373146057128906
2015-10-16,25.749496459960938
2015-10-19,25.513187408447266
2015-10-20,25.521934509277344
2015-10-21,25.25936508178711
2015-10-22,25.72324562072754
2015-10-23,25.82826805114746
2015-10-26,25.556949615478516
2015-10-27,25.29437255859375
2015-10-28,24.996793746948242
2015-10-29,24.716716766357422
2015-10-30,24.489154815673828
2015-11-02,24.725467681884766
2015-11-03,24.6992130279541
2015-11-04,24.384126663208008
2015-11-05,24.209081649780273
2015-11-06,24.20032501220703
2015-11-09,23.596410751342773
2015-11-10,23.50013542175293
2015-11-11,23.447622299194336
2015-11-12,23.325088500976562
2015-11-13,23.298830032348633
2015-11-16,23.90274429321289
2015-11-17,23.710193634033203
2015-11-18,23.64892578125
2015-11-19,23.70144271850586
2015-11-20,23.797718048095703
2015-11-23,23.552648544311523
2015-11-24,23.640172958374023
2015-11-25,23.640172958374023
2015-11-27,23.657676696777344
2015-11-30,23.885244369506836
2015-12-01,23.990270614624023
2015-12-02,23.578914642333984
2015-12-03,23.263822555541992
2015-12-04,23.561403274536133
2015-12-07,23.167543411254883
2015-12-08,22.948740005493164
2015-12-09,22.764938354492188
2015-12-10,22.948740005493164
2015-12-11,22.397335052490234
2015-12-14,22.773693084716797
2015-12-15,23.027507781982422
2015-12-16,23.438871383666992
2015-12-17,23.447622299194336
2015-12-18,23.395105361938477
2015-12-21,23.681814193725586
2015-12-22,23.620441436767578
2015-12-23,23.909778594970703
2015-12-24,23.89223861694336
2015-12-28,23.874710083007812
2015-12-29,23.901004791259766
2015-12-30,23.716888427734375
2015-12-31,23.83963394165039
2016-01-04,23.38370704650879
2016-01-05,23.506460189819336
2016-01-06,23.182052612304688
2016-01-07,22.445558547973633
2016-01-08,22.401714324951172
2016-01-11,22.664751052856445
2016-01-12,22.603376388549805
2016-01-13,22.366647720336914
2016-01-14,22.506935119628906
2016-01-15,21.866886138916016
2016-01-19,21.83180809020996
2016-01-20,21.53370475769043
2016-01-21,21.551240921020508
2016-01-22,22.11237907409668
2016-01-25,21.779207229614258
2016-01-26,22.077308654785156
2016-01-27,21.840576171875
2016-01-28,21.945789337158203
2016-01-29,22.612144470214844
2016-02-01,22.41925048828125
2016-02-02,21.81427764892578
2016-02-03,22.068540573120117
2016-02-04,22.09484100341797
2016-02-05,22.042236328125
2016-02-08,21.83180809020996
2016-02-09,21.54247283935547
2016-02-10,21.209299087524414
2016-02-11,20.54294776916504
2016-02-12,20.7358341217041
2016-02-16,20.762142181396484
2016-02-17,21.14792251586914
2016-02-18,20.990102767944336
2016-02-19,20.98133659362793
2016-02-22,21.35835075378418
2016-02-23,20.797208786010742
2016-02-24,20.727067947387695
2016-02-25,20.595552444458008
2016-02-26,20.43773078918457
2016-02-29,20.64815330505371
2016-03-01,21.726594924926758
2016-03-02,22.208824157714844
2016-03-03,22.34033966064453
2016-03-04,22.708587646484375
2016-03-07,22.603376388549805
2016-03-08,22.200054168701172
2016-03-09,22.52446174621582
2016-03-10,22.35787582397461
2016-03-11,22.708587646484375
2016-03-14,22.58584213256836
2016-03-15,22.331573486328125
2016-03-16,22.840105056762695
2016-03-17,22.840105056762695
2016-03-18,23.07683563232422
2016-03-21,23.33987045288086
2016-03-22,23.269731521606445
2016-03-23,23.138212203979492
2016-03-24,23.138212203979492
2016-03-28,23.041770935058594
2016-03-29,23.252195358276367
2016-03-30,23.541528701782227
2016-03-31,23.585365295410156
2016-04-01,23.57659912109375
2016-04-04,23.523996353149414
2016-04-05,22.90148162841797
2016-04-06,23.14698028564453
2016-04-07,22.577072143554688
2016-04-08,22.743661880493164
2016-04-11,23.138212203979492
2016-04-12,23.471385955810547
2016-04-13,23.83963394165039
2016-04-14,23.874710083007812
2016-04-15,23.89223861694336
2016-04-18,23.96238899230957
2016-04-19,24.29555892944336
2016-04-20,24.076364517211914
2016-04-21,23.813331604003906
2016-04-22,23.813331604003906
2016-04-25,23.64674186706543
2016-04-26,24.093902587890625
2016-04-27,24.313095092773438
2016-04-28,23.760726928710938
2016-04-29,23.708120346069336
2016-05-02,23.585365295410156
2016-05-03,23.164514541625977
2016-05-04,23.03299903869629
2016-05-05,23.1995849609375
2016-05-06,23.313570022583008
2016-05-09,23.48015785217285
2016-05-10,23.73442268371582
2016-05-11,23.620441436767578
2016-05-12,23.62920570373535
2016-05-13,23.217119216918945
2016-05-16,23.57659912109375
2016-05-17,23.48892593383789
2016-05-18,23.392475128173828
2016-05-19,23.03299903869629
2016-05-20,23.1031436920166
2016-05-23,22.954090118408203
2016-05-24,23.12944221496582
2016-05-25,23.795793533325195
2016-05-26,24.286794662475586
2016-05-27,24.532291412353516
2016-05-31,24.453378677368164
2016-06-01,24.444610595703125
2016-06-02,24.70764923095703
2016-06-03,24.874231338500977
2016-06-06,24.883005142211914
2016-06-07,25.075895309448242
2016-06-08,25.189876556396484
2016-06-09,24.82162857055664
2016-06-10,24.54982566833496
2016-06-13,24.269256591796875
2016-06-14,24.269256591796875
2016-06-15,24.716413497924805
2016-06-16,24.54982566833496
2016-06-17,24.593664169311523
2016-06-20,24.637502670288086
2016-06-21,24.542465209960938
2016-06-22,24.48967170715332
2016-06-23,25.070451736450195
2016-06-24,23.891284942626953
2016-06-27,23.891284942626953
2016-06-28,24.348875045776367
2016-06-29,24.806461334228516
2016-06-30,24.903255462646484
2016-07-01,25.211244583129883
2016-07-05,24.850454330444336
2016-07-06,24.929656982421875
2016-07-07,24.885663986206055
2016-07-08,25.290451049804688
2016-07-11,25.5632381439209
2016-07-12,25.80963134765625
2016-07-13,25.67763328552246
2016-07-14,25.941627502441406
2016-07-15,25.800830841064453
2016-07-18,25.739233016967773
2016-07-19,25.71283531188965
2016-07-20,25.81842803955078
2016-07-21,25.580835342407227
2016-07-22,25.800830841064453
2016-07-25,25.82723045349121
2016-07-26,25.756832122802734
2016-07-27,26.01202392578125
2016-07-28,26.152816772460938
2016-07-29,26.205615997314453
2016-08-01,26.06482696533203
2016-08-02,26.11762237548828
2016-08-03,26.082420349121094
2016-08-04,25.959224700927734
2016-08-05,26.355215072631836
2016-08-08,26.346416473388672
2016-08-09,26.28481674194336
2016-08-10,25.932825088500977
2016-08-11,26.28481674194336
2016-08-12,26.276018142700195
2016-08-15,26.390411376953125
2016-08-16,26.091218948364258
2016-08-17,26.056026458740234
2016-08-18,26.302417755126953
2016-08-19,26.232013702392578
2016-08-22,25.880027770996094
2016-08-23,25.959224700927734
2016-08-24,26.12642478942871
2016-08-25,26.020822525024414
2016-08-26,25.774429321289062
2016-08-29,26.047222137451172
2016-08-30,26.31121826171875
2016-08-31,26.460811614990234
2016-09-01,26.62800407409668
2016-09-02,26.9623966217041
2016-09-06,27.31438636779785
2016-09-07,27.182390213012695
2016-09-08,27.12959098815918
2016-09-09,26.434410095214844
2016-09-12,26.672006607055664
2016-09-13,26.16162109375
2016-09-14,26.302417755126953
2016-09-15,26.61920738220215
2016-09-16,26.443212509155273
2016-09-19,26.566410064697266
2016-09-20,26.45201301574707
2016-09-21,26.944795608520508
2016-09-22,27.09439468383789
2016-09-23,26.707202911376953
2016-09-26,26.364017486572266
2016-09-27,26.59280776977539
2016-09-28,26.85680389404297
2016-09-29,25.871232986450195
2016-09-30,26.223220825195312
2016-10-03,26.663206100463867
2016-10-04,26.52241325378418
2016-10-05,26.57520866394043
2016-10-06,26.425613403320312
2016-10-07,26.41681480407715
2016-10-10,26.566410064697266
2016-10-11,26.293615341186523
2016-10-12,26.2584171295166
2016-10-13,25.96803092956543
2016-10-14,26.020822525024414
2016-10-17,25.880027770996094
2016-10-18,26.372812271118164
2016-10-19,26.364017486572266
2016-10-20,26.364017486572266
2016-10-21,26.28481674194336
2016-10-24,26.40801429748535
2016-10-25,26.26721954345703
2016-10-26,26.100021362304688
2016-10-27,25.941627502441406
2016-10-28,26.073619842529297
2016-10-31,26.100021362304688
2016-11-01,26.038423538208008
2016-11-02,25.70403289794922
2016-11-03,25.800830841064453
2016-11-04,25.431245803833008
2016-11-07,26.020822525024414
2016-11-08,25.484041213989258
2016-11-09,25.70403289794922
2016-11-10,25.316844940185547
2016-11-11,24.410472869873047
2016-11-14,24.313674926757812
2016-11-15,24.542465209960938
2016-11-16,24.032081604003906
2016-11-17,24.0496826171875
2016-11-18,23.92648696899414
2016-11-21,23.680091857910156
2016-11-22,23.759292602539062
2016-11-23,23.495296478271484
2016-11-25,23.988082885742188
2016-11-28,23.93528938293457
2016-11-29,24.032081604003906
2016-11-30,24.2520751953125
2016-12-01,24.12887954711914
2016-12-02,23.93528938293457
2016-12-05,24.19047737121582
2016-12-06,24.384071350097656
2016-12-07,24.498470306396484
2016-12-08,24.727258682250977
2016-12-09,24.683263778686523
2016-12-12,24.445667266845703
2016-12-13,24.61286735534668
2016-12-14,24.023283004760742
2016-12-15,24.208080291748047
2016-12-16,24.164081573486328
2016-12-19,23.988082885742188
2016-12-20,23.970483779907227
2016-12-21,23.90008544921875
2016-12-22,23.661365509033203
2016-12-23,23.75826072692871
2016-12-27,23.863971710205078
2016-12-28,23.723026275634766
2016-12-29,24.066579818725586
2016-12-30,24.08420181274414
2017-01-03,24.15467071533203
2017-01-04,24.339662551879883
2017-01-05,24.60394287109375
2017-01-06,24.410137176513672
2017-01-09,24.330860137939453
2017-01-10,24.515850067138672
2017-01-11,24.947494506835938
2017-01-12,25.035585403442383
2017-01-13,25.0091609954834
2017-01-17,24.938684463500977
2017-01-18,24.894641876220703
2017-01-19,24.868213653564453
2017-01-20,24.71845817565918
2017-01-23,24.938684463500977
2017-01-24,25.220579147338867
2017-01-25,25.7050838470459
2017-01-26,25.61699104309082
2017-01-27,25.643417358398438
2017-01-30,25.669845581054688
2017-01-31,25.740320205688477
2017-02-01,26.08387565612793
2017-02-02,26.277679443359375
2017-02-03,26.453857421875
2017-02-06,26.445051193237305
2017-02-07,26.339345932006836
2017-02-08,26.497905731201172
2017-02-09,26.63884735107422
2017-02-10,26.656469345092773
2017-02-13,26.647661209106445
2017-02-14,26.594804763793945
2017-02-15,26.445051193237305
2017-02-16,26.445051193237305
2017-02-17,26.471477508544922
2017-02-21,26.87669563293457
2017-02-22,26.87669563293457
2017-02-23,27.061687469482422
2017-02-24,26.894319534301758
2017-02-27,26.8326473236084
2017-02-28,26.788602828979492
2017-03-01,27.273109436035156
2017-03-02,26.682897567749023
2017-03-03,26.903125762939453
2017-03-06,27.035261154174805
2017-03-07,27.008834838867188
2017-03-08,26.8326473236084
2017-03-09,27.026453018188477
2017-03-10,27.140972137451172
2017-03-13,27.880939483642578
2017-03-14,27.819271087646484
2017-03-15,28.259735107421875
2017-03-16,28.22450065612793
2017-03-17,28.11878776550293
2017-03-20,28.294967651367188
2017-03-21,27.8985595703125
2017-03-22,27.889751434326172
2017-03-23,27.995460510253906
2017-03-24,28.048311233520508
2017-03-27,28.154024124145508
2017-03-28,28.2773494720459
2017-03-29,28.515195846557617
2017-03-30,28.568052291870117
2017-03-31,28.479963302612305
2017-04-03,28.761856079101562
2017-04-04,28.7001953125
2017-04-05,28.55924415588379
2017-04-06,28.88518524169922
2017-04-07,28.849945068359375
2017-04-10,28.664955139160156
2017-04-11,28.770662307739258
2017-04-12,28.656145095825195
2017-04-13,28.497581481933594
2017-04-17,28.7001953125
2017-04-18,28.303783416748047
2017-04-19,28.26854133605957
2017-04-20,28.462345123291016
2017-04-21,28.233304977416992
2017-04-24,28.761856079101562
2017-04-25,29.070175170898438
2017-04-26,29.27277946472168
2017-04-27,29.149457931518555
2017-04-28,29.105411529541016
2017-05-01,29.1318359375
2017-05-02,29.263975143432617
2017-05-03,29.114221572875977
2017-05-04,29.15826416015625
2017-05-05,29.167076110839844
2017-05-08,29.052553176879883
2017-05-09,29.105411529541016
2017-05-10,29.38730239868164
2017-05-11,29.466583251953125
2017-05-12,29.545867919921875
2017-05-15,29.783716201782227
2017-05-16,29.95989990234375
2017-05-17,29.563488006591797
2017-05-18,29.299209594726562
2017-05-19,29.528249740600586
2017-05-22,29.49301528930664
2017-05-23,29.149457931518555
2017-05-24,29.228742599487305
2017-05-25,29.62514877319336
2017-05-26,29.845380783081055
2017-05-30,30.039180755615234
2017-05-31,30.039180755615234
2017-06-01,30.232980728149414
2017-06-02,30.356313705444336
2017-06-05,30.303455352783203
2017-06-06,30.268220901489258
2017-06-07,30.268220901489258
2017-06-08,30.285837173461914
2017-06-09,30.1448917388916
2017-06-12,30.030370712280273
2017-06-13,30.16250991821289
2017-06-14,30.241790771484375
2017-06-15,29.92466163635254
2017-06-16,30.003944396972656
2017-06-19,30.259410858154297
2017-06-20,30.038925170898438
2017-06-21,30.074195861816406
2017-06-22,30.05656623840332
2017-06-23,29.994827270507812
2017-06-26,30.118297576904297
2017-06-27,29.571495056152344
2017-06-28,29.77433967590332
2017-06-29,29.4039249420166
2017-06-30,29.642047882080078
2017-07-03,29.924272537231445
2017-07-05,30.091842651367188
2017-07-06,29.95954704284668
2017-07-07,30.10066032409668
2017-07-10,30.55927085876465
2017-07-11,30.594541549682617
2017-07-12,30.920867919921875
2017-07-13,31.009061813354492
2017-07-14,31.247180938720703
2017-07-17,31.07961654663086
2017-07-18,30.762113571166992
2017-07-19,31.026702880859375
2017-07-20,30.982601165771484
2017-07-21,30.964969635009766
2017-07-24,31.229536056518555
2017-07-25,31.220731735229492
2017-07-26,31.538223266601562
2017-07-27,31.300106048583984
2017-07-28,31.414751052856445
2017-07-31,31.529403686523438
2017-08-01,31.83808708190918
2017-08-02,31.8204402923584
2017-08-03,31.617599487304688
2017-08-04,31.74988555908203
2017-08-07,31.69696617126465
2017-08-08,31.441207885742188
2017-08-09,31.035520553588867
2017-08-10,30.285869598388672
2017-08-11,30.33878517150879
2017-08-14,30.67392349243164
2017-08-15,30.67392349243164
2017-08-16,31.05314826965332
2017-08-17,30.735660552978516
2017-08-18,30.85031509399414
2017-08-21,30.6474666595459
2017-08-22,30.832666397094727
2017-08-23,30.95613670349121
2017-08-24,31.026702880859375
2017-08-25,31.15016746520996
2017-08-28,31.238359451293945
2017-08-29,30.947328567504883
2017-08-30,30.964969635009766
2017-08-31,31.13252067565918
2017-09-01,31.458845138549805
2017-09-05,30.991422653198242
2017-09-06,31.123714447021484
2017-09-07,31.08843421936035
2017-09-08,31.10607147216797
2017-09-11,31.370656967163086
2017-09-12,31.51176643371582
2017-09-13,31.326562881469727
2017-09-14,31.317739486694336
2017-09-15,31.450029373168945
2017-09-18,31.476490020751953
2017-09-19,31.55586051940918
2017-09-20,31.247180938720703
2017-09-21,31.08843421936035
2017-09-22,30.67392349243164
2017-09-25,29.986005783081055
2017-09-26,30.065383911132812
2017-09-27,29.54503631591797
2017-09-28,29.88899040222168
2017-09-29,30.074195861816406
2017-10-02,29.924272537231445
2017-10-03,30.10947608947754
2017-10-04,30.33878517150879
2017-10-05,30.312320709228516
2017-10-06,30.3652400970459
2017-10-09,30.38288116455078
2017-10-10,30.67392349243164
2017-10-11,30.541627883911133
2017-10-12,30.9296875
2017-10-13,31.405925750732422
2017-10-16,31.467668533325195
2017-10-17,31.238359451293945
2017-10-18,31.229536056518555
2017-10-19,31.026702880859375
2017-10-20,31.1413516998291
2017-10-23,31.13252067565918
2017-10-24,31.379472732543945
2017-10-25,31.397117614746094
2017-10-26,31.547040939331055
2017-10-27,31.8204402923584
2017-10-30,31.74988555908203
2017-10-31,31.899826049804688
2017-11-01,32.20849609375
2017-11-02,32.234962463378906
2017-11-03,32.20849609375
2017-11-06,32.323158264160156
2017-11-07,31.714618682861328
2017-11-08,31.741071701049805
2017-11-09,31.573505401611328
2017-11-10,31.529403686523438
2017-11-13,31.15898895263672
2017-11-14,30.964969635009766
2017-11-15,30.8238468170166
2017-11-16,31.370656967163086
2017-11-17,31.688154220581055
2017-11-20,31.644060134887695
2017-11-21,31.88218879699707
2017-11-22,31.935096740722656
2017-11-24,32.19086456298828
2017-11-27,32.04092788696289
2017-11-28,32.10266876220703
2017-11-29,31.811626434326172
2017-11-30,31.547040939331055
2017-12-01,31.114891052246094
2017-12-04,31.203086853027344
2017-12-05,31.185441970825195
2017-12-06,30.973777770996094
2017-12-07,31.450029373168945
2017-12-08,31.8204402923584
2017-12-11,32.02328872680664
2017-12-12,31.599958419799805
2017-12-13,31.811626434326172
2017-12-14,31.97919464111328
2017-12-15,32.26142501831055
2017-12-18,32.3143310546875
2017-12-19,32.411346435546875
2017-12-20,32.5260009765625
2017-12-21,32.48977279663086
2017-12-22,32.72828674316406
2017-12-26,32.83428955078125
2017-12-27,32.60462188720703
2017-12-28,32.5516242980957
2017-12-29,32.79011917114258
2018-01-02,32.825462341308594
2018-01-03,32.95796203613281
2018-01-04,33.081626892089844
2018-01-05,33.355464935302734
2018-01-08,33.3289680480957
2018-01-09,33.24946975708008
2018-01-10,33.072792053222656
2018-01-11,33.33779525756836
2018-01-12,33.46147155761719
2018-01-16,33.116966247558594
2018-01-17,33.80598068237305
2018-01-18,33.487972259521484
2018-01-19,33.956146240234375
2018-01-22,34.168155670166016
2018-01-23,34.530338287353516
2018-01-24,34.592159271240234
2018-01-25,34.45966339111328
2018-01-26,34.70700454711914
2018-01-29,34.574501037597656
2018-01-30,34.150489807128906
2018-01-31,34.344825744628906
2018-02-01,33.8413200378418
2018-02-02,32.77245330810547
2018-02-05,31.818435668945312
2018-02-06,32.913787841796875
2018-02-07,32.34844207763672
2018-02-08,31.51809310913086
2018-02-09,32.29544448852539
2018-02-12,32.639949798583984
2018-02-13,32.60462188720703
2018-02-14,32.737117767333984
2018-02-15,33.01979446411133
2018-02-16,32.3131217956543
2018-02-20,31.844928741455078
2018-02-21,31.66826057434082
2018-02-22,31.624095916748047
2018-02-23,32.2866096496582
2018-02-26,32.49861526489258
2018-02-27,31.968599319458008
2018-02-28,31.59758758544922
2018-03-01,31.526926040649414
2018-03-02,31.606422424316406
2018-03-05,31.694765090942383
2018-03-06,31.34141731262207
2018-03-07,31.19124984741211
2018-03-08,31.323753356933594
2018-03-09,31.721261978149414
2018-03-12,32.01277160644531
2018-03-13,31.827260971069336
2018-03-14,31.703590393066406
2018-03-15,31.473920822143555
2018-03-16,31.067575454711914
2018-03-19,30.670068740844727
2018-03-20,30.882070541381836
2018-03-21,31.155916213989258
2018-03-22,30.528738021850586
2018-03-23,30.23723030090332
2018-03-26,31.12058448791504
2018-03-27,30.829078674316406
2018-03-28,30.89974594116211
2018-03-29,31.235414505004883
2018-04-02,30.988080978393555
2018-04-03,31.429758071899414
2018-04-04,31.350257873535156
2018-04-05,31.5357608795166
2018-04-06,31.261911392211914
2018-04-09,31.571094512939453
2018-04-10,31.76543426513672
2018-04-11,31.694765090942383
2018-04-12,31.827260971069336
2018-04-13,31.641759872436523
2018-04-16,31.827260971069336
2018-04-17,31.897930145263672
2018-04-18,31.8537654876709
2018-04-19,31.59758758544922
2018-04-20,31.412086486816406
2018-04-23,31.367921829223633
2018-04-24,31.350257873535156
2018-04-25,31.12058448791504
2018-04-26,31.45625114440918
2018-04-27,31.88026237487793
2018-04-30,31.836097717285156
2018-05-01,31.738933563232422
2018-05-02,31.58875846862793
2018-05-03,31.579923629760742
2018-05-04,31.544597625732422
2018-05-07,31.55342674255371
2018-05-08,31.509252548217773
2018-05-09,31.526926040649414
2018-05-10,31.774267196655273
2018-05-11,31.71242904663086
2018-05-14,31.562257766723633
2018-05-15,31.173582077026367
2018-05-16,31.420923233032227
2018-05-17,31.04991340637207
2018-05-18,30.749576568603516
2018-05-21,30.564071655273438
2018-05-22,30.546405792236328
2018-05-23,30.431564331054688
2018-05-24,30.572908401489258
2018-05-25,31.058746337890625
2018-05-29,30.829078674316406
2018-05-30,31.39442253112793
2018-05-31,31.412086486816406
2018-06-01,31.632936477661133
2018-06-04,31.27075958251953
2018-06-05,31.20891761779785
2018-06-06,31.8537654876709
2018-06-07,31.385589599609375
2018-06-08,31.606422424316406
2018-06-11,31.579923629760742
2018-06-12,31.694765090942383
2018-06-13,31.544597625732422
2018-06-14,31.43859100341797
2018-06-15,31.385589599609375
2018-06-18,31.359088897705078
2018-06-19,31.17498207092285
2018-06-20,31.29889488220215
2018-06-21,31.210378646850586
2018-06-22,31.51133155822754
2018-06-25,31.210378646850586
2018-06-26,31.113014221191406
2018-06-27,30.581928253173828
2018-06-28,30.599632263183594
2018-06-29,31.148426055908203
2018-07-02,30.8740234375
2018-07-03,31.024497985839844
2018-07-05,30.8740234375
2018-07-06,31.20153045654297
2018-07-09,31.582143783569336
2018-07-10,31.732620239257812
2018-07-11,31.6352596282959
2018-07-12,32.13978958129883
2018-07-13,31.998165130615234
2018-07-16,31.732620239257812
2018-07-17,32.28140640258789
2018-07-18,32.0689697265625
2018-07-19,31.714920043945312
2018-07-20,32.015865325927734
2018-07-23,32.007015228271484
2018-07-24,32.219451904296875
2018-07-25,32.538108825683594
2018-07-26,32.538108825683594
2018-07-27,32.87446594238281
2018-07-30,32.94527053833008
2018-07-31,33.166561126708984
2018-08-01,33.193119049072266
2018-08-02,32.91871643066406
2018-08-03,33.26393127441406
2018-08-06,33.0869026184082
2018-08-07,33.14000701904297
2018-08-08,33.39670181274414
2018-08-09,33.308189392089844
2018-08-10,32.8833122253418
2018-08-13,32.33452606201172
2018-08-14,32.7062873840332
2018-08-15,32.08668518066406
2018-08-16,32.423038482666016
2018-08-17,32.90101623535156
2018-08-20,33.0869026184082
2018-08-21,33.193119049072266
2018-08-22,33.25508117675781
2018-08-23,32.7947998046875
2018-08-24,33.23737335205078
2018-08-27,33.47636413574219
2018-08-28,33.31703567504883
2018-08-29,33.14000701904297
2018-08-30,32.777095794677734
2018-08-31,32.97182846069336
2018-09-04,32.07782745361328
2018-09-05,32.14863967895508
2018-09-06,32.14863967895508
2018-09-07,32.184051513671875
2018-09-10,31.582143783569336
2018-09-11,31.351999282836914
2018-09-12,31.900800704956055
2018-09-13,32.17518997192383
2018-09-14,32.05127716064453
2018-09-17,31.440523147583008
2018-09-18,31.210378646850586
2018-09-19,31.555591583251953
2018-09-20,31.821136474609375
2018-09-21,31.10416603088379
2018-09-24,30.378341674804688
2018-09-25,30.723548889160156
2018-09-26,30.750106811523438
2018-09-27,30.54652214050293
2018-09-28,30.272123336791992
2018-10-01,30.165904998779297
2018-10-02,30.068538665771484
2018-10-03,29.36927032470703
2018-10-04,28.49297332763672
2018-10-05,27.73174476623535
2018-10-08,28.20972442626953
2018-10-09,27.891069412231445
2018-10-10,27.7760009765625
2018-10-11,27.784852981567383
2018-10-12,28.661151885986328
2018-10-15,28.5903377532959
2018-10-16,29.2807559967041
2018-10-17,28.49297332763672
2018-10-18,28.05925178527832
2018-10-19,28.183170318603516
2018-10-22,27.908771514892578
2018-10-23,28.1212100982666
2018-10-24,27.7760009765625
2018-10-25,27.944183349609375
2018-10-26,27.784852981567383
2018-10-29,27.8114070892334
2018-10-30,28.02384376525879
2018-10-31,28.156614303588867
2018-11-01,28.873584747314453
2018-11-02,29.07716941833496
2018-11-05,29.2807559967041
2018-11-06,29.112577438354492
2018-11-07,29.7498836517334
2018-11-08,29.218791961669922
2018-11-09,29.094873428344727
2018-11-12,28.705408096313477
2018-11-13,29.440080642700195
2018-11-14,29.54630470275879
2018-11-15,29.90035629272461
2018-11-16,30.148202896118164
2018-11-19,30.183605194091797
2018-11-20,29.79414176940918
2018-11-21,30.05083465576172
2018-11-23,29.988880157470703
2018-11-26,30.157052993774414
2018-11-27,30.360637664794922
2018-11-28,30.980241775512695
2018-11-29,31.396263122558594
2018-11-30,31.316606521606445
2018-12-03,31.059906005859375
2018-12-04,30.714702606201172
2018-12-06,30.46685218811035
2018-12-07,29.856101989746094
2018-12-10,28.56378746032715
2018-12-11,29.307310104370117
2018-12-12,30.201311111450195
2018-12-13,30.378341674804688
2018-12-14,30.236717224121094
2018-12-17,30.351789474487305
2018-12-18,31.319984436035156
2018-12-19,30.849212646484375
2018-12-20,31.453224182128906
2018-12-21,30.78703498840332
2018-12-24,30.36067008972168
2018-12-26,31.053508758544922
2018-12-27,31.16010856628418
2018-12-28,31.440025329589844
2018-12-31,31.386703491210938
2019-01-02,31.18231773376465
2019-01-03,30.658021926879883
2019-01-04,31.42224884033203
2019-01-07,31.04901885986328
2019-01-08,31.128999710083008
2019-01-09,31.17343521118164
2019-01-10,31.057907104492188
2019-01-11,30.88907241821289
2019-01-14,30.515836715698242
2019-01-15,30.729114532470703
2019-01-16,30.995708465576172
2019-01-17,31.09345817565918
2019-01-18,30.986818313598633
2019-01-22,30.835752487182617
2019-01-23,30.658021926879883
2019-01-24,31.00458526611328
2019-01-25,30.835752487182617
2019-01-28,30.382543563842773
2019-01-29,30.187044143676758
2019-01-30,30.52472496032715
2019-01-31,30.97792625427246
2019-02-01,30.578046798706055
2019-02-04,30.746885299682617
2019-02-05,30.951274871826172
2019-02-06,31.057907104492188
2019-02-07,31.244524002075195
2019-02-08,30.87129783630371
2019-02-11,30.73799705505371
2019-02-12,31.022367477416992
2019-02-13,30.62247657775879
2019-02-14,30.631362915039062
2019-02-15,30.409198760986328
2019-02-19,30.115951538085938
2019-02-20,30.506954193115234
2019-02-21,30.578046798706055
2019-02-22,30.64024543762207
2019-02-25,31.084569931030273
2019-02-26,30.89795684814453
2019-02-27,30.586925506591797
2019-02-28,30.72022819519043
2019-03-01,30.675792694091797
2019-03-04,30.604703903198242
2019-03-05,31.502229690551758
2019-03-06,31.671072006225586
2019-03-07,31.520004272460938
2019-03-08,31.54666519165039
2019-03-11,32.26646041870117
2019-03-12,32.6574592590332
2019-03-13,32.684120178222656
2019-03-14,32.84407043457031
2019-03-15,33.40391540527344
2019-03-18,33.768253326416016
2019-03-19,33.59052658081055
2019-03-20,33.91043472290039
2019-03-21,33.87489318847656
2019-03-22,33.039573669433594
2019-03-25,33.048458099365234
2019-03-26,33.43946075439453
2019-03-27,33.29727554321289
2019-03-28,33.626075744628906
2019-03-29,33.69715881347656
2019-04-01,33.954864501953125
2019-04-02,34.13259506225586
2019-04-03,34.221458435058594
2019-04-04,33.87489318847656
2019-04-05,34.017066955566406
2019-04-08,33.64384841918945
2019-04-09,33.78602600097656
2019-04-10,33.768253326416016
2019-04-11,33.74159622192383
2019-04-12,33.74159622192383
2019-04-15,33.857120513916016
2019-04-16,34.11482238769531
2019-04-17,34.23923110961914
2019-04-18,34.13259506225586
2019-04-22,33.53720474243164
2019-04-23,33.421688079833984
2019-04-24,33.54609680175781
2019-04-25,33.421688079833984
2019-04-26,33.857120513916016
2019-04-29,33.87489318847656
2019-04-30,33.94598388671875
2019-05-01,33.83046340942383
2019-05-02,33.83046340942383
2019-05-03,34.15037155151367
2019-05-06,33.74159622192383
2019-05-07,32.82630157470703
2019-05-08,32.5685920715332
2019-05-09,32.222023010253906
2019-05-10,32.36420822143555
2019-05-13,31.44890785217285
2019-05-14,32.18647766113281
2019-05-15,32.008758544921875
2019-05-16,32.47972869873047
2019-05-17,32.6485710144043
2019-05-20,34.12371826171875
2019-05-21,33.954864501953125
2019-05-22,33.99041748046875
2019-05-23,33.79491424560547
2019-05-24,34.29255676269531
2019-05-28,34.505828857421875
2019-05-29,34.21257019042969
2019-05-30,34.53248977661133
2019-05-31,34.76353073120117
2019-06-03,35.074546813964844
2019-06-04,34.99457931518555
2019-06-05,34.80796432495117
2019-06-06,34.44361877441406
2019-06-07,34.523597717285156
2019-06-10,34.56803512573242
2019-06-11,34.6213493347168
2019-06-12,34.461395263671875
2019-06-13,34.31032943725586
2019-06-14,33.94598388671875
2019-06-17,33.780616760253906
2019-06-18,34.06665802001953
2019-06-19,34.075599670410156
2019-06-20,34.218624114990234
2019-06-21,33.977272033691406
2019-06-24,34.02196502685547
2019-06-25,34.06665802001953
2019-06-26,34.46892547607422
2019-06-27,34.50467300415039
2019-06-28,34.31695556640625
2019-07-01,34.63875961303711
2019-07-02,34.728145599365234
2019-07-03,34.79966354370117
2019-07-05,34.549373626708984
2019-07-08,33.89681625366211
2019-07-09,33.96833038330078
2019-07-10,33.878944396972656
2019-07-11,33.91469955444336
2019-07-12,33.887882232666016
2019-07-15,33.92363739013672
2019-07-16,34.057716369628906
2019-07-17,34.093482971191406
2019-07-18,34.04878234863281
2019-07-19,33.280025482177734
2019-07-22,33.163822174072266
2019-07-23,33.02973556518555
2019-07-24,33.02973556518555
2019-07-25,32.71685791015625
2019-07-26,33.05655288696289
2019-07-29,32.89564895629883
2019-07-30,32.3771858215332
2019-07-31,32.38612747192383
2019-08-01,31.805086135864258
2019-08-02,31.70675277709961
2019-08-05,30.73240089416504
2019-08-06,31.10783576965332
2019-08-07,31.04526710510254
2019-08-08,31.751447677612305
2019-08-09,31.662057876586914
2019-08-12,31.367074966430664
2019-08-13,31.179353713989258
2019-08-14,30.80391502380371
2019-08-15,31.000574111938477
2019-08-16,31.286619186401367
2019-08-19,31.063140869140625
2019-08-20,31.036327362060547
2019-08-21,30.91118049621582
2019-08-22,30.22287940979004
2019-08-23,30.669832229614258
2019-08-26,31.21510887145996
2019-08-27,31.44752311706543
2019-08-28,31.0542049407959
2019-08-29,30.93800163269043
2019-08-30,31.08995819091797
2019-09-03,30.410598754882812
2019-09-04,30.508926391601562
2019-09-05,30.616191864013672
2019-09-06,30.91118049621582
2019-09-09,31.04526710510254
2019-09-10,31.009506225585938
2019-09-11,31.34919548034668
2019-09-12,31.295557022094727
2019-09-13,31.590551376342773
2019-09-16,30.848609924316406
2019-09-17,30.920122146606445
2019-09-18,30.80391502380371
2019-09-19,30.356962203979492
2019-09-20,32.19840621948242
2019-09-23,33.3247184753418
2019-09-24,32.82413864135742
2019-09-25,32.529144287109375
2019-09-26,32.94034194946289
2019-09-27,32.69899368286133
2019-09-30,32.80625915527344
2019-10-01,32.109012603759766
2019-10-02,32.126888275146484
2019-10-03,32.35036087036133
2019-10-04,32.082191467285156
2019-10-07,31.760387420654297
2019-10-08,31.545860290527344
2019-10-09,32.207340240478516
2019-10-10,32.05537414550781
2019-10-11,32.216285705566406
2019-10-14,32.26097869873047
2019-10-15,32.36823654174805
2019-10-16,32.6185417175293
2019-10-17,32.90458679199219
2019-10-18,33.163822174072266
2019-10-21,33.12807083129883
2019-10-22,33.083370208740234
2019-10-23,33.29790496826172
2019-10-24,33.11912155151367
2019-10-25,33.29790496826172
2019-10-28,33.405174255371094
2019-10-29,33.63758850097656
2019-10-30,33.72698211669922
2019-10-31,33.60183334350586
2019-11-01,34.08454132080078
2019-11-04,34.01302719116211
2019-11-05,33.82530975341797
2019-11-06,33.995147705078125
2019-11-07,33.96833038330078
2019-11-08,33.74485397338867
2019-11-11,33.61970901489258
2019-11-12,33.39623260498047
2019-11-13,33.10124969482422
2019-11-14,33.22639083862305
2019-11-15,33.42304992675781
2019-11-18,33.28896713256836
2019-11-19,33.48563003540039
2019-11-20,33.66440200805664
2019-11-21,33.53926086425781
2019-11-22,33.52138137817383
2019-11-25,33.977272033691406
2019-11-26,34.075599670410156
2019-11-27,34.18286895751953
2019-11-29,33.73591232299805
2019-12-02,33.995147705078125
2019-12-03,33.79849624633789
2019-12-04,34.057716369628906
2019-12-05,34.1024169921875
2019-12-06,33.878944396972656
2019-12-09,33.887882232666016
2019-12-10,33.92363739013672
2019-12-11,34.245445251464844
2019-12-12,34.37952423095703
2019-12-13,34.5672492980957
2019-12-16,34.4957389831543
2019-12-17,34.7639045715332
2019-12-18,34.79072570800781
2019-12-19,34.817543029785156
2019-12-20,34.8890495300293
2019-12-23,34.728145599365234
2019-12-24,34.611942291259766
2019-12-26,34.43315887451172
2019-12-27,34.45997619628906
2019-12-30,34.50467300415039
2019-12-31,34.522552490234375
2020-01-02,34.9248046875
2020-01-03,34.23650360107422
2020-01-06,33.84318542480469
2020-01-07,33.869998931884766
2020-01-08,34.227561950683594
2020-01-09,34.68345260620117
2020-01-10,34.915870666503906
2020-01-13,35.21980285644531
2020-01-14,35.14828109741211
2020-01-15,35.11253356933594
2020-01-16,35.07677459716797
2020-01-17,35.13935089111328
2020-01-21,34.281192779541016
2020-01-22,34.44210433959961
2020-01-23,34.38846969604492
2020-01-24,34.415287017822266
2020-01-27,34.16498947143555
2020-01-28,34.26332092285156
2020-01-29,34.299072265625
2020-01-30,33.93257141113281
2020-01-31,33.566078186035156
2020-02-03,33.208518981933594
2020-02-04,33.94151306152344
2020-02-05,34.093482971191406
2020-02-06,34.31695556640625
2020-02-07,33.89681625366211
2020-02-10,34.25437545776367
2020-02-11,34.54042434692383
2020-02-12,34.73708724975586
2020-02-13,34.45997619628906
2020-02-14,34.1381721496582
2020-02-18,33.86106491088867
2020-02-19,34.120296478271484
2020-02-20,33.83424758911133
2020-02-21,33.82530975341797
2020-02-24,33.01184844970703
2020-02-25,32.82413864135742
2020-02-26,32.99397277832031
2020-02-27,32.35930633544922
2020-02-28,31.411766052246094
2020-03-02,31.116783142089844
2020-03-03,31.04526710510254
2020-03-04,31.018449783325195
2020-03-05,29.847436904907227
2020-03-06,29.677595138549805
2020-03-09,27.970239639282227
2020-03-10,28.980348587036133
2020-03-11,27.71100425720215
2020-03-12,24.939905166625977
2020-03-13,26.826045989990234
2020-03-16,24.24266242980957
2020-03-17,25.36897850036621
2020-03-18,22.553184509277344
2020-03-19,21.981082916259766
2020-03-20,22.19562339782715
2020-03-23,19.898292541503906
2020-03-24,20.595537185668945
2020-03-25,22.12411117553711
2020-03-26,24.26947593688965
2020-03-27,22.883928298950195
2020-03-30,22.311830520629883
2020-03-31,22.92862319946289
2020-04-01,21.301721572875977
2020-04-02,21.623525619506836
2020-04-03,20.872644424438477
2020-04-06,22.231380462646484
2020-04-07,22.866050720214844
2020-04-08,23.563295364379883
2020-04-09,23.99237060546875
2020-04-13,23.670564651489258
2020-04-14,24.340991973876953
2020-04-15,23.089527130126953
2020-04-16,23.37557601928711
2020-04-17,24.34992790222168
2020-04-20,24.046003341674805
2020-04-21,23.196796417236328
2020-04-22,24.403564453125
2020-04-23,24.573406219482422
2020-04-24,24.2873592376709
2020-04-27,25.020355224609375
2020-04-28,24.832637786865234
2020-04-29,26.075164794921875
2020-04-30,25.592456817626953
2020-05-01,24.814762115478516
2020-05-04,24.850515365600586
2020-05-05,24.546588897705078
2020-05-06,24.135391235351562
2020-05-07,24.573406219482422
2020-05-08,24.957786560058594
2020-05-11,24.53765106201172
2020-05-12,25.681848526000977
2020-05-13,24.859453201293945
2020-05-14,24.6359806060791
2020-05-15,24.18008804321289
2020-05-18,24.25160026550293
2020-05-19,23.759952545166016
2020-05-20,24.42144012451172
2020-05-21,24.38568687438965
2020-05-22,24.16221046447754
2020-05-26,24.14433479309082
2020-05-27,24.671733856201172
2020-05-28,25.073991775512695
2020-05-29,25.79805564880371
2020-06-01,26.396968841552734
2020-06-02,27.192543029785156
2020-06-03,27.4517765045166
2020-06-04,27.040576934814453
2020-06-05,27.76464080810547
2020-06-08,27.77358055114746
2020-06-09,27.30875015258789
2020-06-10,27.49647331237793
2020-06-11,25.431554794311523
2020-06-12,26.683021545410156
2020-06-15,26.623062133789062
2020-06-16,26.283002853393555
2020-06-17,26.50672721862793
2020-06-18,26.71255111694336
2020-06-19,27.20473861694336
2020-06-22,27.822219848632812
2020-06-23,28.15332794189453
2020-06-24,27.473209381103516
2020-06-25,27.831167221069336
2020-06-26,27.634288787841797
2020-06-29,27.90275764465332
2020-06-30,27.6611385345459
2020-07-01,28.332307815551758
2020-07-02,28.797651290893555
2020-07-06,29.50461769104004
2020-07-07,29.18245506286621
2020-07-08,29.12876319885254
2020-07-09,29.191404342651367
2020-07-10,29.110862731933594
2020-07-13,28.949783325195312
2020-07-14,28.70816421508789
2020-07-15,28.82449722290039
2020-07-16,29.0750675201416
2020-07-17,29.52251625061035
2020-07-20,30.095247268676758
2020-07-21,30.33686637878418
2020-07-22,30.283172607421875
2020-07-23,30.113143920898438
2020-07-24,30.33686637878418
2020-07-27,30.363712310791016
2020-07-28,30.42635726928711
2020-07-29,30.46215057373047
2020-07-30,30.014705657958984
2020-07-31,29.77308464050293
2020-08-03,29.433025360107422
2020-08-04,30.005754470825195
2020-08-05,30.131040573120117
2020-08-06,30.372657775878906
2020-08-07,30.363712310791016
2020-08-10,30.63218116760254
2020-08-11,30.560588836669922
2020-08-12,30.739564895629883
2020-08-13,30.52479362487793
2020-08-14,30.453201293945312
2020-08-17,30.650075912475586
2020-08-18,30.99013900756836
2020-08-19,30.659025192260742
2020-08-20,30.703777313232422
2020-08-21,30.730621337890625
2020-08-24,31.30335235595703
2020-08-25,31.374940872192383
2020-08-26,31.518129348754883
2020-08-27,31.625516891479492
2020-08-28,32.323524475097656
2020-08-31,31.240707397460938
2020-09-01,31.81343650817871
2020-09-02,31.893980026245117
2020-09-03,31.312299728393555
2020-09-04,31.321247100830078
2020-09-08,30.900646209716797
2020-09-09,31.240707397460938
2020-09-10,31.24965476989746
2020-09-11,31.43758201599121
2020-09-14,31.643407821655273
2020-09-15,31.679210662841797
2020-09-16,31.9387264251709
2020-09-17,31.786590576171875
2020-09-18,31.500226974487305
2020-09-21,31.115421295166016
2020-09-22,30.80220603942871
2020-09-23,30.31001853942871
2020-09-24,29.90731430053711
2020-09-25,30.363712310791016
2020-09-28,30.873804092407227
2020-09-29,30.8111572265625
2020-09-30,31.169118881225586
2020-10-01,31.679210662841797
2020-10-02,31.374940872192383
2020-10-05,31.992420196533203
2020-10-06,32.06401062011719
2020-10-07,32.52040481567383
2020-10-08,32.583045959472656
2020-10-09,33.06629180908203
2020-10-12,32.88731384277344
2020-10-13,32.68148422241211
2020-10-14,33.030487060546875
2020-10-15,32.29668045043945
2020-10-16,32.43091583251953
2020-10-19,32.62778854370117
2020-10-20,32.690433502197266
2020-10-21,32.73517990112305
2020-10-22,32.61884689331055
2020-10-23,32.762020111083984
2020-10-26,32.153499603271484
2020-10-27,32.47566223144531
2020-10-28,31.706056594848633
2020-10-29,31.562868118286133
2020-10-30,31.4196834564209
2020-11-02,31.697097778320312
2020-11-03,32.010311126708984
2020-11-04,32.905208587646484
2020-11-05,33.29001235961914
2020-11-06,33.6748161315918
2020-11-09,34.47127151489258
2020-11-10,34.220699310302734
2020-11-11,34.372833251953125
2020-11-12,33.853797912597656
2020-11-13,34.49811935424805
2020-11-16,34.73973846435547
2020-11-17,34.75763702392578
2020-11-18,34.81132888793945
2020-11-19,34.632354736328125
2020-11-20,34.766578674316406
2020-11-23,34.84712219238281
2020-11-24,35.58988571166992
2020-11-25,35.17823791503906
2020-11-27,35.303524017333984
2020-11-30,34.891868591308594
2020-12-01,35.70622253417969
2020-12-02,35.688323974609375
2020-12-03,35.81361389160156
2020-12-04,35.96574020385742
2020-12-07,36.278953552246094
2020-12-08,36.3594970703125
2020-12-09,36.35054397583008
2020-12-10,36.592166900634766
2020-12-11,36.58321762084961
2020-12-14,36.61006546020508
2020-12-15,37.075408935546875
2020-12-16,36.932228088378906
2020-12-17,37.31703186035156
2020-12-18,37.27228546142578
2020-12-21,36.07312774658203
2020-12-22,36.22526168823242
2020-12-23,36.8516845703125
2020-12-24,37.10225296020508
2020-12-28,37.52285385131836
2020-12-29,37.809226989746094
2020-12-30,38.0687370300293
2020-12-31,37.979248046875
2021-01-04,38.1492805480957
2021-01-05,38.64147186279297
2021-01-06,38.56987380981445
2021-01-07,38.48933792114258
2021-01-08,39.23210144042969
2021-01-11,38.98153305053711
2021-01-12,39.5363655090332
2021-01-13,39.402130126953125
2021-01-14,39.57216262817383
2021-01-15,38.94573211669922
2021-01-19,39.17840576171875
2021-01-20,39.83167266845703
2021-01-21,39.81378936767578
2021-01-22,39.24104690551758
2021-01-25,38.65937042236328
2021-01-26,38.695167541503906
2021-01-27,37.92555618286133
2021-01-28,38.41775131225586
2021-01-29,37.299129486083984
2021-02-01,38.96363067626953
2021-02-02,39.894325256347656
2021-02-03,40.21648025512695
2021-02-04,40.40441131591797
2021-02-05,40.66392517089844
2021-02-08,41.120323181152344
2021-02-09,40.95029067993164
2021-02-10,41.04873275756836
2021-02-11,41.326148986816406
2021-02-12,41.326148986816406
2021-02-16,41.35299301147461
2021-02-17,41.4424934387207
2021-02-18,41.14717483520508
2021-02-19,41.03083038330078
2021-02-22,40.32387161254883
2021-02-23,40.610233306884766
2021-02-24,41.209815979003906
2021-02-25,40.39546585083008
2021-02-26,39.22315216064453
2021-03-01,40.40441131591797
2021-03-02,40.46705627441406
2021-03-03,41.04873275756836
2021-03-04,40.53864288330078
2021-03-05,40.825008392333984
2021-03-08,40.556541442871094
2021-03-09,41.47827911376953
2021-03-10,41.469329833984375
2021-03-11,41.988372802734375
2021-03-12,41.1292724609375
2021-03-15,40.98609161376953
2021-03-16,41.084529876708984
2021-03-17,40.80710983276367
2021-03-18,39.554264068603516
2021-03-19,40.493900299072266
2021-03-22,40.59233856201172
2021-03-23,40.24333190917969
2021-03-24,39.82272720336914
2021-03-25,39.60795593261719
2021-03-26,40.35966873168945
2021-03-29,40.10909652709961
2021-03-30,40.189632415771484
2021-03-31,40.153839111328125
2021-04-01,40.520748138427734
2021-04-05,39.894325256347656
2021-04-06,39.93011474609375
2021-04-07,39.67060089111328
2021-04-08,39.7958869934082
2021-04-09,39.5363655090332
2021-04-12,37.979248046875
2021-04-13,38.274566650390625
2021-04-14,38.793601989746094
2021-04-15,38.89204025268555
2021-04-16,39.01732635498047
2021-04-19,38.1224365234375
2021-04-20,37.57655334472656
2021-04-21,37.612342834472656
2021-04-22,37.72867965698242
2021-04-23,38.059791564941406
2021-04-26,38.43564987182617
2021-04-27,38.98153305053711
2021-04-28,39.59900665283203
2021-04-29,39.63479995727539
2021-04-30,38.90099334716797
2021-05-03,39.24104690551758
2021-05-04,38.73991012573242
2021-05-05,39.24104690551758
2021-05-06,39.81378936767578
2021-05-07,40.37755584716797
2021-05-10,39.95696258544922
2021-05-11,40.037506103515625
2021-05-12,38.90993881225586
2021-05-13,39.48267364501953
2021-05-14,40.07330322265625
2021-05-17,40.45810317993164
2021-05-18,40.73552322387695
2021-05-19,40.57443618774414
2021-05-20,40.601287841796875
2021-05-21,40.7265739440918
2021-05-24,41.209815979003906
2021-05-25,41.0397834777832
2021-05-26,41.657257080078125
2021-05-27,41.800445556640625
2021-05-28,41.9346809387207
2021-06-01,42.22104263305664
2021-06-02,42.4000244140625
2021-06-03,42.27473831176758
2021-06-04,42.659542083740234
2021-06-07,42.61479187011719
2021-06-08,42.61479187011719
2021-06-09,42.34632873535156
2021-06-10,42.54949951171875
2021-06-11,42.388397216796875
2021-06-14,42.486846923828125
2021-06-15,42.40629577636719
2021-06-16,41.90508270263672
2021-06-17,41.743980407714844
2021-06-18,41.3322639465332
2021-06-21,41.9766845703125
2021-06-22,41.95878219604492
2021-06-23,41.69922637939453
2021-06-24,41.89613342285156
2021-06-25,42.02143096923828
2021-06-28,41.96772766113281
2021-06-29,41.99457931518555
2021-06-30,41.83347702026367
2021-07-01,41.57392120361328
2021-07-02,41.815582275390625
2021-07-06,41.502323150634766
2021-07-07,41.7529296875
2021-07-08,41.403865814208984
2021-07-09,41.788726806640625
2021-07-12,41.71712875366211
2021-07-13,41.55602264404297
2021-07-14,41.89613342285156
2021-07-15,42.0303840637207
2021-07-16,41.6723747253418
2021-07-19,41.153263092041016
2021-07-20,41.46651840209961
2021-07-21,41.591819763183594
2021-07-22,41.788726806640625
2021-07-23,41.91402816772461
2021-07-26,42.0303840637207
2021-07-27,41.69922637939453
2021-07-28,41.68132400512695
2021-07-29,41.878231048583984
2021-07-30,41.92298126220703
2021-08-02,41.90508270263672
2021-08-03,42.93436050415039
2021-08-04,43.05071258544922
2021-08-05,43.3460693359375
2021-08-06,42.97911071777344
2021-08-09,42.97911071777344
2021-08-10,42.9522590637207
2021-08-11,43.3460693359375
2021-08-12,43.31922149658203
2021-08-13,43.81148910522461
2021-08-16,44.097896575927734
2021-08-17,43.87413787841797
2021-08-18,43.40872573852539
2021-08-19,43.16706848144531
2021-08-20,43.83833312988281
2021-08-23,43.847286224365234
2021-08-24,44.097896575927734
2021-08-25,44.00838851928711
2021-08-26,43.90098190307617
2021-08-27,44.74231719970703
2021-08-30,45.18982696533203
2021-08-31,45.852142333984375
2021-09-01,45.82529067993164
2021-09-02,46.237003326416016
2021-09-03,46.612911224365234
2021-09-07,46.33545684814453
2021-09-08,45.95954132080078
2021-09-09,46.22805404663086
2021-09-10,46.1654052734375
2021-09-13,46.263851165771484
2021-09-14,46.0579948425293
2021-09-15,46.69346618652344
2021-09-16,46.84561538696289
2021-09-17,46.38020324707031
2021-09-20,45.99534606933594
2021-09-21,46.31755065917969
2021-09-22,46.63976287841797
2021-09-23,47.17677688598633
2021-09-24,47.14992904663086
2021-09-27,47.319984436035156
2021-09-28,46.40705871582031
2021-09-29,46.451812744140625
2021-09-30,46.17435073852539
2021-10-01,46.66661071777344
2021-10-04,46.33545684814453
2021-10-05,46.926170349121094
2021-10-06,46.49656295776367
2021-10-07,46.71136474609375
2021-10-08,46.63976287841797
2021-10-11,46.54130554199219
2021-10-12,46.68451690673828
2021-10-13,47.3647346496582
2021-10-14,47.883846282958984
2021-10-15,48.04495620727539
2021-10-18,48.009151458740234
2021-10-19,47.910701751708984
2021-10-20,47.86595153808594
2021-10-21,47.59743881225586
2021-10-22,47.319984436035156
2021-10-25,47.33788299560547
2021-10-26,47.722747802734375
2021-10-27,47.33788299560547
2021-10-28,46.85456466674805
2021-10-29,46.25490188598633
2021-11-01,46.935123443603516
2021-11-02,46.85456466674805
2021-11-03,46.85456466674805
2021-11-04,46.94407272338867
2021-11-05,47.33788299560547
2021-11-08,47.90175247192383
2021-11-09,47.39158630371094
2021-11-10,47.08727264404297
2021-11-11,47.18572998046875
2021-11-12,47.66904830932617
2021-11-15,47.49004364013672
2021-11-16,47.04253005981445
2021-11-17,46.83667755126953
2021-11-18,46.66661071777344
2021-11-19,46.424957275390625
2021-11-22,45.52098083496094
2021-11-23,45.87898635864258
2021-11-24,45.565731048583984
2021-11-26,44.196346282958984
2021-11-29,44.27690124511719
2021-11-30,44.3753547668457
2021-12-01,44.41115188598633
2021-12-02,45.44938278198242
2021-12-03,44.53645324707031
2021-12-06,44.06208801269531
2021-12-07,44.74231719970703
2021-12-08,45.26142501831055
2021-12-09,45.17192077636719
2021-12-10,45.2703742980957
2021-12-13,44.590633392333984
2021-12-14,44.485172271728516
2021-12-15,44.3509521484375
2021-12-16,44.274253845214844
2021-12-17,43.71818161010742
2021-12-20,43.29633712768555
2021-12-21,43.7277717590332
2021-12-22,44.39888381958008
2021-12-23,44.552284240722656
2021-12-27,44.97412872314453
2021-12-28,45.041236877441406
2021-12-29,45.261741638183594
2021-12-30,45.338443756103516
2021-12-31,45.35762023925781
2022-01-03,46.134193420410156
2022-01-04,46.47933578491211
2022-01-05,46.508094787597656
2022-01-06,46.536861419677734
2022-01-07,46.93952560424805
2022-01-10,47.1408576965332
2022-01-11,47.8694953918457
2022-01-12,48.28175354003906
2022-01-13,47.9078483581543
2022-01-14,47.7640380859375
2022-01-18,47.23673629760742
2022-01-19,46.78612518310547
2022-01-20,46.32593536376953
2022-01-21,45.7219352722168
2022-01-24,44.46600341796875
2022-01-25,45.00288009643555
2022-01-26,44.44682312011719
2022-01-27,44.32218933105469
2022-01-28,44.763206481933594
2022-01-31,45.86574935913086
2022-02-01,45.760284423828125
2022-02-02,46.12460708618164
2022-02-03,45.49184036254883
2022-02-04,45.338443756103516
2022-02-07,44.73444366455078
2022-02-08,44.98371124267578
2022-02-09,45.463077545166016
2022-02-10,44.945369720458984
2022-02-11,44.09209442138672
2022-02-14,43.40180206298828
2022-02-15,44.86866760253906
2022-02-16,44.916595458984375
2022-02-17,44.49475860595703
2022-02-18,44.58104705810547
2022-02-22,44.44682312011719
2022-02-23,43.852413177490234
2022-02-24,42.78821563720703
2022-02-25,44.02498245239258
2022-02-28,43.45933151245117
2022-03-01,42.347198486328125
2022-03-02,42.88408660888672
2022-03-03,42.06916809082031
2022-03-04,41.17754364013672
2022-03-07,39.80656433105469
2022-03-08,40.48725891113281
2022-03-09,42.38554763793945
2022-03-10,42.06916809082031
2022-03-11,41.75278854370117
2022-03-14,42.60606002807617
2022-03-15,43.16212463378906
2022-03-16,44.23590087890625
2022-03-17,44.293426513671875
2022-03-18,44.485172271728516
2022-03-21,43.785301208496094
2022-03-22,44.274253845214844
2022-03-23,43.4113883972168
2022-03-24,43.938697814941406
2022-03-25,43.88117599487305
2022-03-28,44.2071418762207
2022-03-29,45.08917236328125
2022-03-30,44.62898635864258
2022-03-31,44.25507736206055
2022-04-01,45.03165054321289
2022-04-04,46.41222381591797
2022-04-05,45.67399978637695
2022-04-06,45.10834884643555
2022-04-07,44.954952239990234
2022-04-08,45.23298645019531
2022-04-11,44.68650817871094
2022-04-12,44.34136199951172
2022-04-13,44.187965393066406
2022-04-14,43.909934997558594
2022-04-18,43.58396530151367
2022-04-19,43.22923278808594
2022-04-20,43.84282302856445
2022-04-21,43.785301208496094
2022-04-22,43.19088363647461
2022-04-25,43.36345672607422
2022-04-26,42.85533142089844
2022-04-27,43.1429443359375
2022-04-28,43.73735809326172
2022-04-29,42.92244338989258
2022-05-02,43.26758575439453
2022-05-03,43.26758575439453
2022-05-04,43.32510757446289
2022-05-05,41.98288345336914
2022-05-06,41.40764236450195
2022-05-09,40.79405212402344
2022-05-10,40.80364227294922
2022-05-11,40.21881866455078
2022-05-12,40.17087936401367
2022-05-13,40.209228515625
2022-05-16,39.86408233642578
2022-05-17,41.04332733154297
2022-05-18,40.00789260864258
2022-05-19,40.41056823730469
2022-05-20,40.67900466918945
2022-05-23,41.00497055053711
2022-05-24,40.765289306640625
2022-05-25,40.765289306640625
2022-05-26,40.96662139892578
2022-05-27,41.39805603027344
2022-05-31,41.27341842651367
2022-06-01,41.36928939819336
2022-06-02,42.328025817871094
2022-06-03,41.40764236450195
2022-06-06,41.36928939819336
2022-06-07,41.45558166503906
2022-06-08,40.995391845703125
2022-06-09,40.746116638183594
2022-06-10,40.18046188354492
2022-06-13,39.36554718017578
2022-06-14,39.49976348876953
2022-06-15,39.83531951904297
2022-06-16,38.6273193359375
2022-06-17,38.72319030761719
2022-06-21,39.50934982299805
2022-06-22,39.00122833251953
2022-06-23,39.31760025024414
2022-06-24,39.88325500488281
2022-06-27,39.55728530883789
2022-06-28,39.039573669433594
2022-06-29,39.26008224487305
2022-06-30,39.33677673339844
2022-07-01,39.41347885131836
2022-07-05,39.36554718017578
2022-07-06,39.93119812011719
2022-07-07,40.17087936401367
2022-07-08,40.09417724609375
2022-07-11,39.81614685058594
2022-07-12,39.67233657836914
2022-07-13,39.18338394165039
2022-07-14,39.23131561279297
2022-07-15,39.83531951904297
2022-07-18,39.59563446044922
2022-07-19,40.40097427368164
2022-07-20,40.017478942871094
2022-07-21,40.79405212402344
2022-07-22,40.822818756103516
2022-07-25,40.765289306640625
2022-07-26,40.26675033569336
2022-07-27,41.23507308959961
2022-07-28,41.81031036376953
2022-07-29,42.3951416015625
2022-08-01,42.52935791015625
2022-08-02,42.845741271972656
2022-08-03,42.90326690673828
2022-08-04,42.54853439331055
2022-08-05,42.4334831237793
2022-08-08,42.759456634521484
2022-08-09,42.596473693847656
2022-08-10,43.3922119140625
2022-08-11,42.8936767578125
2022-08-12,43.248409271240234
2022-08-15,43.305931091308594
2022-08-16,43.53602981567383
2022-08-17,43.53602981567383
2022-08-18,43.305931091308594
2022-08-19,42.61564636230469
2022-08-22,42.126686096191406
2022-08-23,42.653995513916016
2022-08-24,42.93202209472656
2022-08-25,42.58687973022461
2022-08-26,42.078758239746094
2022-08-29,42.078758239746094
2022-08-30,42.70193099975586
2022-08-31,42.47182846069336
2022-09-01,42.79780197143555
2022-09-02,42.328025817871094
2022-09-06,42.3759651184082
2022-09-07,43.07583999633789
2022-09-08,43.21005630493164
2022-09-09,43.29633712768555
2022-09-12,43.804473876953125
2022-09-13,42.960792541503906
2022-09-14,43.42098617553711
2022-09-15,42.951202392578125
2022-09-16,42.54853439331055
2022-09-19,43.06624984741211
2022-09-20,42.98955154418945
2022-09-21,42.62522888183594
2022-09-22,42.049991607666016
2022-09-23,41.03373718261719
2022-09-26,40.372215270996094
2022-09-27,40.276336669921875
2022-09-28,40.774879455566406
2022-09-29,39.97913360595703
2022-09-30,40.46808624267578
2022-10-03,40.7269401550293
2022-10-04,41.426815032958984
2022-10-05,41.388465881347656
2022-10-06,40.774879455566406
2022-10-07,40.151710510253906
2022-10-10,40.5831298828125
2022-10-11,40.151710510253906
2022-10-12,40.209228515625
2022-10-13,40.60230255126953
2022-10-14,40.29551315307617
2022-10-17,41.03373718261719
2022-10-18,40.87075424194336
2022-10-19,40.61189270019531
2022-10-20,40.92827606201172
2022-10-21,41.58021545410156
2022-10-24,41.63773727416992
2022-10-25,41.666500091552734
2022-10-26,42.049991607666016
2022-10-27,41.60897445678711
2022-10-28,42.01164245605469
2022-10-31,41.915775299072266
2022-11-01,42.0595817565918
2022-11-02,41.58980178833008
2022-11-03,41.867828369140625
2022-11-04,42.8936767578125
2022-11-07,42.826560974121094
2022-11-08,43.29633712768555
2022-11-09,42.62522888183594
2022-11-10,43.909934997558594
2022-11-11,43.9962158203125
2022-11-14,43.43056869506836
2022-11-15,43.612728118896484
2022-11-16,43.17170715332031
2022-11-17,43.10459899902344
2022-11-18,43.06624984741211
2022-11-21,42.80739212036133
2022-11-22,43.09501266479492
2022-11-23,43.03748321533203
2022-11-25,43.440162658691406
2022-11-28,43.33469772338867
2022-11-29,43.69901657104492
2022-11-30,44.50434875488281
2022-12-01,44.312599182128906
2022-12-02,44.0153923034668
2022-12-05,43.44974136352539
2022-12-06,43.152530670166016
2022-12-07,43.22923278808594
2022-12-08,43.4785041809082
2022-12-09,43.05665969848633
2022-12-12,43.248409271240234
2022-12-13,43.43223571777344
2022-12-14,43.30305480957031
2022-12-15,42.55782699584961
2022-12-16,42.5876350402832
2022-12-19,42.75655746459961
2022-12-20,42.677059173583984
2022-12-21,42.40877914428711
2022-12-22,42.031192779541016
2022-12-23,41.613868713378906
2022-12-27,42.0908088684082
2022-12-28,42.041133880615234
2022-12-29,42.508140563964844
2022-12-30,42.041133880615234
2023-01-03,42.229923248291016
2023-01-04,42.1702995300293
2023-01-05,41.89208221435547
2023-01-06,42.5180778503418
2023-01-09,42.448524475097656
2023-01-10,42.4187126159668
2023-01-11,42.448524475097656
2023-01-12,42.6174430847168
2023-01-13,42.70687484741211
2023-01-17,42.776424407958984
2023-01-18,42.81616973876953
2023-01-19,42.94534683227539
2023-01-20,43.13414001464844
2023-01-23,43.03477096557617
2023-01-24,42.657188415527344
2023-01-25,42.37897491455078
2023-01-26,42.52801513671875
2023-01-27,41.70329284667969
2023-01-30,41.812591552734375
2023-01-31,42.01131820678711
2023-02-01,41.464813232421875
2023-02-02,41.50456619262695
2023-02-03,41.64366912841797
2023-02-06,41.42506790161133
2023-02-07,41.31576919555664
2023-02-08,41.60392379760742
2023-02-09,41.67348098754883
2023-02-10,41.762908935546875
2023-02-13,41.66354751586914
2023-02-14,41.72316360473633
2023-02-15,42.041133880615234
2023-02-16,41.95170593261719
2023-02-17,41.88215255737305
2023-02-21,41.42506790161133
2023-02-22,40.97793197631836
2023-02-23,41.166725158691406
2023-02-24,40.68977355957031
2023-02-27,40.88850021362305
2023-02-28,40.65995788574219
2023-03-01,41.03754425048828
2023-03-02,40.967994689941406
2023-03-03,41.86227798461914
2023-03-06,41.88215255737305
2023-03-07,41.613868713378906
2023-03-08,41.89208221435547
2023-03-09,41.05742263793945
2023-03-10,40.68977355957031
2023-03-13,40.14326477050781
2023-03-14,40.32212448120117
2023-03-15,39.487464904785156
2023-03-16,40.01409149169922
2023-03-17,39.90479278564453
2023-03-20,40.033966064453125
2023-03-21,40.10352325439453
2023-03-22,40.02402877807617
2023-03-23,40.07371139526367
2023-03-24,40.05384063720703
2023-03-27,40.10352325439453
2023-03-28,40.02402877807617
2023-03-29,40.153202056884766
2023-03-30,40.44136428833008
2023-03-31,40.8487548828125
2023-04-03,40.83881378173828
2023-04-04,40.98786544799805
2023-04-05,41.23627853393555
2023-04-06,41.464813232421875
2023-04-10,41.395259857177734
2023-04-11,41.50456619262695
2023-04-12,41.75297546386719
2023-04-13,41.86227798461914
2023-04-14,41.69335174560547
2023-04-17,41.494625091552734
2023-04-18,41.325706481933594
2023-04-19,41.30583190917969
2023-04-20,41.38532638549805
2023-04-21,41.444942474365234
2023-04-24,41.733097076416016
2023-04-25,41.464813232421875
2023-04-26,41.772850036621094
2023-04-27,42.20011520385742
2023-04-28,42.43858337402344
2023-05-01,42.53795623779297
2023-05-02,42.299476623535156
2023-05-03,42.26966857910156
2023-05-04,42.54788589477539
2023-05-05,42.54788589477539
2023-05-08,42.68699645996094
2023-05-09,42.57769775390625
2023-05-10,42.855918884277344
2023-05-11,42.43858337402344
2023-05-12,42.4187126159668
2023-05-15,42.80624008178711
2023-05-16,42.3889045715332
2023-05-17,42.3889045715332
2023-05-18,42.05106735229492
2023-05-19,42.031192779541016
2023-05-22,42.309417724609375
2023-05-23,42.08087158203125
2023-05-24,42.10074996948242
2023-05-25,42.3889045715332
2023-05-26,42.93540954589844
2023-05-30,42.8360481262207
2023-05-31,42.70687484741211
2023-06-01,43.09439468383789
2023-06-02,43.32292938232422
2023-06-05,43.13414001464844
2023-06-06,43.24344253540039
2023-06-07,43.33700180053711
2023-06-08,43.267330169677734
2023-06-09,43.17774963378906
2023-06-12,43.277278900146484
2023-06-13,43.605743408203125
2023-06-14,43.675418853759766
2023-06-15,43.84462356567383
2023-06-16,43.91429138183594
2023-06-20,43.86452865600586
2023-06-21,43.96406555175781
2023-06-22,43.96406555175781
2023-06-23,43.53607177734375
2023-06-26,43.675418853759766
2023-06-27,44.063602447509766
2023-06-28,44.38210678100586
2023-06-29,44.42191696166992
2023-06-30,44.83000946044922
2023-07-03,45.04897689819336
2023-07-05,44.90963363647461
2023-07-06,44.5811767578125
2023-07-07,44.730472564697266
2023-07-10,44.849918365478516
2023-07-11,45.02907943725586
2023-07-12,45.317718505859375
2023-07-13,45.317718505859375
2023-07-14,45.287864685058594
2023-07-17,45.7855339050293
2023-07-18,45.79548645019531
2023-07-19,45.95473861694336
2023-07-20,45.95473861694336
2023-07-21,45.7457160949707
2023-07-24,45.82534408569336
2023-07-25,45.815391540527344
2023-07-26,46.04431915283203
2023-07-27,45.4869270324707
2023-07-28,45.61632537841797
2023-07-31,45.8751106262207
2023-08-01,45.626277923583984
2023-08-02,44.90963363647461
2023-08-03,44.75038146972656
2023-08-04,45.15846633911133
2023-08-07,45.317718505859375
2023-08-08,45.118656158447266
2023-08-09,45.23809814453125
2023-08-10,45.05893325805664
2023-08-11,44.899681091308594
2023-08-14,44.83000946044922
2023-08-15,44.55131149291992
2023-08-16,44.5811767578125
2023-08-17,44.47168731689453
2023-08-18,44.49159622192383
2023-08-21,44.81010055541992
2023-08-22,44.650848388671875
2023-08-23,45.25800704956055
2023-08-24,44.81010055541992
2023-08-25,44.87977600097656
2023-08-28,44.88972473144531
2023-08-29,45.15846633911133
2023-08-30,44.98926544189453
2023-08-31,44.80014419555664
2023-09-01,45.098751068115234
2023-09-05,45.21818542480469
2023-09-06,45.04897689819336
2023-09-07,45.457069396972656
2023-09-08,45.845252990722656
2023-09-11,46.25334167480469
2023-09-12,46.094085693359375
2023-09-13,46.233436584472656
2023-09-14,46.31306076049805
2023-09-15,46.19361877441406
2023-09-18,46.11399459838867
2023-09-19,45.98460006713867
2023-09-20,45.646183013916016
2023-09-21,45.20823287963867
2023-09-22,45.2679557800293
2023-09-25,45.427207946777344
2023-09-26,45.04897689819336
2023-09-27,45.21818542480469
2023-09-28,45.068885803222656
2023-09-29,44.97930908203125
2023-10-02,44.87977600097656
2023-10-03,44.70061111450195
2023-10-04,44.730472564697266
2023-10-05,45.05893325805664
2023-10-06,45.387393951416016
2023-10-09,44.98926544189453
2023-10-10,45.40730285644531
2023-10-11,45.52674865722656
2023-10-12,45.1385612487793
2023-10-13,45.248050689697266
2023-10-16,45.457069396972656
2023-10-17,45.51679229736328
2023-10-18,44.94944381713867
2023-10-19,45.12860870361328
2023-10-20,44.790191650390625
2023-10-23,44.372154235839844
2023-10-24,44.4517822265625
2023-10-25,43.97401809692383
2023-10-26,43.40667724609375
2023-10-27,43.466392517089844
2023-10-30,43.86452865600586
2023-10-31,43.86452865600586
2023-11-01,44.053646087646484
2023-11-02,44.262664794921875
2023-11-03,44.591129302978516
2023-11-06,44.5811767578125
2023-11-07,44.541358947753906
2023-11-08,44.591129302978516
2023-11-09,44.42191696166992
2023-11-10,44.730472564697266
2023-11-13,44.680702209472656
2023-11-14,45.2679557800293
2023-11-15,45.23809814453125
2023-11-16,45.2281379699707
2023-11-17,45.2679557800293
2023-11-20,45.178375244140625
2023-11-21,45.377445220947266
2023-11-22,45.47697448730469
2023-11-24,45.40730285644531
2023-11-27,45.27791213989258
2023-11-28,45.72581100463867
2023-11-29,45.944786071777344
2023-11-30,46.14385223388672
2023-12-01,46.60171127319336
2023-12-04,47.14914321899414
2023-12-05,47.55723190307617
2023-12-06,47.58708953857422
2023-12-07,47.597042083740234
2023-12-08,47.636863708496094
2023-12-11,47.75629806518555
2023-12-12,47.666717529296875
2023-12-13,48.174346923828125
2023-12-14,48.46298599243164
2023-12-15,48.57247543334961
2023-12-18,48.67201232910156
2023-12-19,48.900936126708984
2023-12-20,47.7795295715332
2023-12-21,48.53778076171875
2023-12-22,48.567710876464844
2023-12-26,48.71736526489258
2023-12-27,49.186279296875
2023-12-28,49.425724029541016
2023-12-29,49.13639450073242
2024-01-02,49.036624908447266
2024-01-03,48.757266998291016
2024-01-04,49.14636993408203
2024-01-05,49.345909118652344
2024-01-08,49.216209411621094
2024-01-09,48.88697052001953
2024-01-10,49.216209411621094
2024-01-11,49.23616027832031
2024-01-12,50.05427169799805
2024-01-16,49.49556350708008
2024-01-17,48.71736526489258
2024-01-18,48.936851501464844
2024-01-19,49.27606964111328
2024-01-22,49.45565414428711
2024-01-23,48.4479866027832
2024-01-24,48.807151794433594
2024-01-25,48.76724624633789
2024-01-26,48.7772216796875
2024-01-29,49.475608825683594
2024-01-30,49.00669479370117
2024-01-31,49.26609420776367
2024-02-01,49.66516876220703
2024-02-02,49.735008239746094
2024-02-05,49.425724029541016
2024-02-06,50.02433776855469
2024-02-07,49.98442840576172
2024-02-08,49.36585998535156
2024-02-09,49.735008239746094
2024-02-12,49.395790100097656
2024-02-13,49.086509704589844
2024-02-14,49.78489685058594
2024-02-15,49.98442840576172
2024-02-16,50.09417724609375
2024-02-20,50.57307052612305
2024-02-21,50.13408660888672
2024-02-22,50.58304977416992
2024-02-23,50.57307052612305
2024-02-26,50.31367111206055
2024-02-27,50.39348602294922
2024-02-28,49.994407653808594
2024-02-29,49.9245719909668
2024-03-01,50.8524284362793
2024-03-04,50.78258514404297
2024-03-05,50.57307052612305
2024-03-06,51.07191467285156
2024-03-07,51.231544494628906
2024-03-08,51.231544494628906
2024-03-11,50.69279479980469
2024-03-12,50.81251907348633
2024-03-13,49.94452667236328
2024-03-14,49.91459274291992
2024-03-15,49.76494216918945
2024-03-18,50.02433776855469
2024-03-19,49.43570327758789
2024-03-20,49.814823150634766
2024-03-21,49.74498748779297
2024-03-22,49.64521408081055
2024-03-25,49.705078125
2024-03-26,49.53547286987305
2024-03-27,50.01436233520508
2024-03-28,50.323646545410156
2024-04-01,50.233856201171875
2024-04-02,50.114131927490234
2024-04-03,50.1540412902832
2024-04-04,50.31367111206055
2024-04-05,50.632930755615234
2024-04-08,51.07191467285156
2024-04-09,50.98212432861328
2024-04-10,50.742679595947266
2024-04-11,50.68281936645508
2024-04-12,49.964481353759766
2024-04-15,49.63523864746094
2024-04-16,49.54544448852539
2024-04-17,49.38581466674805
2024-04-18,49.32595443725586
2024-04-19,49.77491760253906
2024-04-22,50.323646545410156
2024-04-23,50.353580474853516
2024-04-24,50.27376174926758
2024-04-25,50.652889251708984
2024-04-26,50.47330093383789
2024-04-29,50.73270034790039
2024-04-30,50.46332550048828
2024-05-01,50.56309509277344
2024-05-02,51.032012939453125
2024-05-03,50.73270034790039
2024-05-06,50.43339157104492
2024-05-07,50.08420181274414
2024-05-08,49.974456787109375
2024-05-09,49.575374603271484
2024-05-10,49.43570327758789
2024-05-13,49.72502899169922
2024-05-14,50.0043830871582
2024-05-15,50.05427169799805
2024-05-16,50.34360122680664
2024-05-17,50.622955322265625
2024-05-20,50.7027702331543
2024-05-21,50.69279479980469
2024-05-22,50.82249450683594
2024-05-23,51.45104217529297
2024-05-24,51.68050765991211
2024-05-28,51.35127258300781
2024-05-29,51.12180709838867
2024-05-30,50.922264099121094
2024-05-31,50.992103576660156
2024-06-03,52.70813751220703
2024-06-04,49.77491760253906
2024-06-05,51.171688079833984
2024-06-06,51.381202697753906
2024-06-07,51.97981643676758
2024-06-10,51.97981643676758
2024-06-11,52.10163497924805
2024-06-12,52.4211540222168
2024-06-13,52.22145462036133
2024-06-14,52.610870361328125
2024-06-17,52.780616760253906
2024-06-18,52.95035934448242
2024-06-20,52.730690002441406
2024-06-21,52.44112777709961
2024-06-24,52.70073318481445
2024-06-25,52.990299224853516
2024-06-26,53.1201057434082
2024-06-27,53.77911376953125
2024-06-28,53.57941436767578
2024-07-01,53.89893341064453
2024-07-02,54.07866287231445
2024-07-03,54.27836227416992
2024-07-05,54.198482513427734
2024-07-08,54.0986328125
2024-07-09,54.368228912353516
2024-07-10,54.198482513427734
2024-07-11,54.378211975097656
2024-07-12,54.67776107788086
2024-07-15,54.587894439697266
2024-07-16,55.02723693847656
2024-07-17,54.747657775878906
2024-07-18,55.0372200012207
2024-07-19,54.318302154541016
2024-07-22,54.55794143676758
2024-07-23,53.57941436767578
2024-07-24,53.33977127075195
2024-07-25,53.619354248046875
2024-07-26,54.40816879272461
2024-07-29,54.3981819152832
2024-07-30,54.508018493652344
2024-07-31,54.79758071899414
2024-08-01,54.577911376953125
2024-08-02,53.84900665283203
2024-08-05,52.600887298583984
2024-08-06,53.00028610229492
2024-08-07,53.0202522277832
2024-08-08,53.39968490600586
2024-08-09,53.549461364746094
2024-08-12,53.449607849121094
2024-08-13,53.28984832763672
2024-08-14,53.07018280029297
2024-08-15,53.499534606933594
2024-08-16,54.12858581542969
2024-08-19,54.15854263305664
2024-08-20,54.0986328125
2024-08-21,54.3981819152832
2024-08-22,54.35824203491211
2024-08-23,54.76762390136719
2024-08-26,54.90741729736328
2024-08-27,54.85749053955078
2024-08-28,54.747657775878906
2024-08-29,55.0771598815918
2024-08-30,55.1270866394043
2024-09-03,54.777610778808594
2024-09-04,54.97731399536133
2024-09-05,54.71770095825195
2024-09-06,54.01875305175781
2024-09-09,54.567928314208984
2024-09-10,54.59788131713867
2024-09-11,54.59788131713867
2024-09-12,55.206966400146484
2024-09-13,55.316802978515625
2024-09-16,55.50651550292969
2024-09-17,55.386695861816406
2024-09-18,55.17700958251953
2024-09-19,55.786094665527344
2024-09-20,56.44510269165039
2024-09-23,56.84450149536133
2024-09-24,56.55493927001953
2024-09-25,56.664772033691406
2024-09-26,57.16402053833008
2024-09-27,56.93436813354492
2024-09-30,56.21544647216797
2024-10-01,55.94585418701172
2024-10-02,55.7761116027832
2024-10-03,55.1370735168457
2024-10-04,54.98729705810547
2024-10-07,54.03872299194336
2024-10-08,54.70771789550781
2024-10-09,54.887447357177734
2024-10-10,54.647804260253906
2024-10-11,54.70771789550781
2024-10-14,54.92738342285156
2024-10-15,54.647804260253906
2024-10-16,54.60786437988281
2024-10-17,54.01875305175781
2024-10-18,54.38819885253906
2024-10-21,54.0986328125
2024-10-22,53.74916076660156
2024-10-23,53.67926025390625
2024-10-24,53.629337310791016
2024-10-25,52.990299224853516
2024-10-28,53.409671783447266
2024-10-29,53.59938430786133
2024-10-30,53.27986526489258
2024-10-31,53.189998626708984
2024-11-01,53.050209045410156
2024-11-04,52.51102066040039
2024-11-05,53.01026916503906
2024-11-06,53.299835205078125
2024-11-07,53.1101188659668
2024-11-08,52.680763244628906
2024-11-11,52.730690002441406
2024-11-12,52.06169509887695
2024-11-13,51.66230010986328
2024-11-14,51.722206115722656
2024-11-15,51.30283737182617
2024-11-18,51.52250671386719
2024-11-19,51.652313232421875
2024-11-20,51.8320426940918
2024-11-21,51.332794189453125
2024-11-22,52.54097366333008
2024-11-25,53.14007568359375
2024-11-26,53.04022216796875
2024-11-27,53.04022216796875
2024-11-29,52.85050964355469
2024-12-02,52.80058670043945
2024-12-03,53.03023910522461
2024-12-04,53.1101188659668
2024-12-05,53.63932418823242
2024-12-06,53.58939743041992
2024-12-09,53.42963790893555
2024-12-10,53.27986526489258
2024-12-11,53.409671783447266
2024-12-12,53.01026916503906
2024-12-13,53.37971115112305
2024-12-16,53.189998626708984
2024-12-17,52.630001068115234
2024-12-18,51.52000045776367
2024-12-19,51.779998779296875
2024-12-20,51.68000030517578
2024-12-23,51.54999923706055
2024-12-24,51.650001525878906
2024-12-26,51.43000030517578
2024-12-27,51.33000183105469
2024-12-30,50.86000061035156
2024-12-31,50.84000015258789
2025-01-02,51.599998474121094
2025-01-03,51.470001220703125
2025-01-06,50.810001373291016
2025-01-07,50.720001220703125
2025-01-08,50.7400016784668
2025-01-10,49.83000183105469
2025-01-13,49.560001373291016
2025-01-14,49.68000030517578
2025-01-15,49.9900016784668
2025-01-16,49.790000915527344
2025-01-17,49.709999084472656
2025-01-21,49.61000061035156
2025-01-22,49.560001373291016
2025-01-23,49.86000061035156
2025-01-24,49.650001525878906
2025-01-27,49.2599983215332
2025-01-28,49.41999816894531
2025-01-29,49.5099983215332
2025-01-30,49.9900016784668
2025-01-31,50.0099983215332
2025-02-03,49.849998474121094
2025-02-04,50.40999984741211
2025-02-05,50.150001525878906
2025-02-06,49.849998474121094
2025-02-07,49.380001068115234
2025-02-10,49.65999984741211
2025-02-11,49.45000076293945
2025-02-12,49.18000030517578
2025-02-13,49.599998474121094
2025-02-14,49.099998474121094
2025-02-18,49.119998931884766
2025-02-19,49.060001373291016
2025-02-20,49.279998779296875
2025-02-21,48.540000915527344
2025-02-24,48.43000030517578
2025-02-25,48.5
2025-02-26,48.290000915527344
2025-02-27,47.84000015258789
2025-02-28,47.56999969482422
2025-03-03,47.22999954223633
2025-03-04,47.150001525878906
2025-03-05,48.09000015258789
2025-03-06,48.0099983215332
2025-03-07,48.189998626708984
2025-03-10,47.720001220703125
2025-03-11,48.029998779296875
2025-03-12,48.04999923706055
2025-03-13,47.90999984741211
2025-03-14,48.27000045776367
2025-03-17,48.83000183105469
2025-03-18,49.099998474121094
2025-03-19,49.709999084472656
2025-03-20,49.77000045776367
2025-03-21,50.439998626708984
2025-03-24,51.29999923706055
2025-03-25,51.31999969482422
2025-03-26,50.7599983215332
2025-03-27,51.060001373291016
2025-03-28,50.650001525878906
2025-03-31,50.77000045776367
2025-04-01,50.36000061035156
2025-04-02,50.7599983215332
2025-04-03,50.279998779296875
2025-04-04,48.56999969482422
2025-04-07,48.61000061035156
2025-04-08,48.439998626708984
2025-04-09,50.09000015258789
2025-04-10,49.529998779296875
2025-04-11,49.97999954223633
2025-04-14,50.22999954223633
2025-04-15,50.369998931884766
2025-04-16,50.54999923706055
2025-04-17,51.720001220703125
2025-04-21,52.349998474121094
2025-04-22,52.689998626708984
2025-04-23,52.279998779296875
2025-04-24,52.79999923706055
2025-04-25,52.220001220703125
2025-04-28,52.560001373291016
2025-04-29,52.83000183105469
2025-04-30,52.91999816894531
2025-05-01,52.88999938964844
2025-05-02,53.31999969482422
2025-05-05,53.59000015258789
2025-05-06,53.220001220703125
2025-05-07,52.72999954223633
2025-05-08,51.310001373291016
2025-05-09,51.939998626708984
2025-05-12,53.70000076293945
2025-05-13,53.369998931884766
2025-05-14,53.119998931884766
2025-05-15,54.0
2025-05-16,53.79999923706055
2025-05-19,53.84000015258789
2025-05-20,53.279998779296875
2025-05-21,53.11000061035156
2025-05-22,52.790000915527344
2025-05-23,53.65999984741211
2025-05-27,53.52000045776367
2025-05-28,53.310001373291016
2025-05-29,53.5099983215332
2025-05-30,53.36000061035156
2025-06-02,53.52000045776367
2025-06-03,52.939998626708984
2025-06-04,52.86000061035156
2025-06-05,53.119998931884766
2025-06-06,53.75
2025-06-09,53.900001525878906
2025-06-10,53.9900016784668
2025-06-11,54.029998779296875
2025-06-12,53.650001525878906
2025-06-13,52.869998931884766
2025-06-16,53.34000015258789
2025-06-17,52.720001220703125
2025-06-18,52.619998931884766
2025-06-20,52.90999984741211
2025-06-23,53.189998626708984
2025-06-24,53.650001525878906
2025-06-25,53.790000915527344
2025-06-26,54.540000915527344
2025-06-27,54.72999954223633
2025-06-30,54.380001068115234
2025-07-01,54.47999954223633
2025-07-02,54.310001373291016
2025-07-03,54.459999084472656
2025-07-07,54.04999923706055
2025-07-08,54.34000015258789
2025-07-09,54.34000015258789
2025-07-10,53.939998626708984
2025-07-11,53.599998474121094
2025-07-14,53.540000915527344
2025-07-15,53.459999084472656
2025-07-16,53.7400016784668
2025-07-17,53.43000030517578
2025-07-18,53.02000045776367
2025-07-21,53.29999923706055
2025-07-22,53.209999084472656
2025-07-23,53.38999938964844
2025-07-24,52.81999969482422
2025-07-25,52.630001068115234
